סמל_ישוב,שם_ישוב,סמל_נפה,שם_נפה,סמל_מועצה_איזורית,שם_מועצה
0,לא רשום ,0,לא ידוע ,0,
1331,כמאנה ,24,עכו ,56,משגב
3826,שער שומרון ,73,טול כרם ,0,
1347,קצר א-סר ,62,באר שבע ,68,נווה מדבר
3400,חברון ,77,חברון ,0,
3777,סנסנה ,77,חברון ,78,הר חברון
963,אעצם (שבט) ,62,באר שבע ,0,
1220,אבירים ,24,עכו ,52,מעלה יוסף
958,אבו עבדון (שבט) ,62,באר שבע ,0,
1042,אבו עמאר (שבט) ,62,באר שבע ,0,
932,אבו עמרה (שבט) ,62,באר שבע ,0,
472,אבו גוש ,11,ירושלים ,0,
967,אבו ג'ווייעד (שבט) ,62,באר שבע ,0,
968,אבו קורינאת (שבט) ,62,באר שבע ,0,
1342,אבו קרינאת (יישוב) ,62,באר שבע ,68,נווה מדבר
966,אבו רובייעה (שבט) ,62,באר שבע ,0,
961,אבו רוקייק (שבט) ,62,באר שבע ,0,
473,אבו סנאן ,24,עכו ,0,
935,אבו סריחאן (שבט) ,62,באר שבע ,0,
1375,אבו תלול ,62,באר שבע ,68,נווה מדבר
1068,אדמית ,24,עכו ,4,מטה אשר
2035,עדנים ,42,פתח תקווה ,20,דרום השרון
1123,אדרת ,11,ירושלים ,26,מטה יהודה
113,אדירים ,23,עפולה ,8,הגלבוע
1199,עדי ,24,עכו ,9,עמק יזרעאל
3759,אדורה ,77,חברון ,78,הר חברון
959,אפיניש (שבט) ,62,באר שבע ,0,
313,אפק ,24,עכו ,4,מטה אשר
4301,אפיק ,29,גולן ,71,גולן
176,אפיקים ,22,כנרת ,6,עמק הירדן
7700,עפולה ,23,עפולה ,0,
794,עגור ,11,ירושלים ,26,מטה יהודה
1157,אחווה ,61,אשקלון ,33,באר טוביה
797,אחיעזר ,43,רמלה ,40,שדות דן
785,אחיהוד ,24,עכו ,4,מטה אשר
804,אחיסמך ,43,רמלה ,25,חבל מודיעין
850,אחיטוב ,41,השרון ,16,עמק חפר
821,אחוזם ,61,אשקלון ,50,לכיש
1330,אחוזת ברק ,23,עפולה ,9,עמק יזרעאל
7600,עכו ,24,עכו ,0,
1359,אל סייד ,62,באר שבע ,69,אל קסום
1316,אל-עריאן ,32,חדרה ,14,מנשה
1339,אל-עזי ,61,אשקלון ,35,יואב
3727,עלי זהב ,73,טול כרם ,72,שומרון
3750,אלפי מנשה ,73,טול כרם ,0,
1182,אלון הגליל ,23,עפולה ,9,עמק יזרעאל
3604,אלון שבות ,76,בית לחם ,76,גוש עציון
429,אלוני אבא ,23,עפולה ,9,עמק יזרעאל
4017,אלוני הבשן ,29,גולן ,71,גולן
868,אלוני יצחק ,32,חדרה ,14,מנשה
285,אלונים ,23,עפולה ,9,עמק יזרעאל
688,עלמה ,21,צפת ,2,מרום הגליל
1125,אלמגור ,22,כנרת ,6,עמק הירדן
3556,אלמוג ,75,ירדן )יריחו( ,74,מגילות ים המלח
3715,עלמון ,74,ראמאללה ,73,מטה בנימין
1146,עלומים ,62,באר שבע ,39,שדות נגב
1145,אלומה ,61,אשקלון ,34,שפיר
330,אלומות ,22,כנרת ,6,עמק הירדן
23,אמציה ,61,אשקלון ,50,לכיש
319,עמיר ,21,צפת ,1,הגליל העליון
1064,אמירים ,21,צפת ,2,מרום הגליל
385,עמיעד ,21,צפת ,1,הגליל העליון
318,עמיעוז ,62,באר שבע ,38,אשכול
3824,עמיחי ,74,ראמאללה ,73,מטה בנימין
779,עמינדב ,11,ירושלים ,26,מטה יהודה
773,עמיקם ,32,חדרה ,45,אלונה
1253,אמנון ,22,כנרת ,55,מבואות החרמון
708,עמקה ,24,עכו ,4,מטה אשר
1212,עמוקה ,21,צפת ,2,מרום הגליל
4012,אניעם ,29,גולן ,71,גולן
637,ערערה ,32,חדרה ,0,
1192,ערערה-בנגב ,62,באר שבע ,0,
2560,ערד ,62,באר שבע ,0,
1246,עראמשה ,24,עכו ,4,מטה אשר
701,ארבל ,22,כנרת ,3,הגליל התחתון
3598,ארגמן ,75,ירדן )יריחו( ,75,ערבות הירדן
3570,אריאל ,73,טול כרם ,0,
1335,ערב אל נעים ,24,עכו ,56,משגב
531,עראבה ,24,עכו ,0,
1324,ארסוף ,41,השרון ,19,חוף השרון
593,ערוגות ,61,אשקלון ,33,באר טוביה
960,אסד (שבט) ,62,באר שבע ,0,
3754,אספר ,77,חברון ,76,גוש עציון
591,עשרת ,44,רחובות ,32,גדרות
1152,אשלים ,62,באר שבע ,48,רמת נגב
70,אשדוד ,61,אשקלון ,0,
199,אשדות יעקב (איחוד) ,22,כנרת ,6,עמק הירדן
188,אשדות יעקב (מאוחד) ,22,כנרת ,6,עמק הירדן
1256,אשרת ,24,עכו ,4,מטה אשר
7100,אשקלון ,61,אשקלון ,0,
969,עטאוונה (שבט) ,62,באר שבע ,0,
3658,עטרת ,74,ראמאללה ,73,מטה בנימין
53,עתלית ,32,חדרה ,15,חוף הכרמל
965,אטרש (שבט) ,62,באר שבע ,0,
917,עצמון שגב ,24,עכו ,56,משגב
892,עבדון ,24,עכו ,52,מעלה יוסף
3786,אבנת ,75,ירדן )יריחו( ,74,מגילות ים המלח
679,אביאל ,32,חדרה ,45,אלונה
1070,אביעזר ,11,ירושלים ,26,מטה יהודה
819,אביגדור ,61,אשקלון ,33,באר טוביה
175,אביחיל ,41,השרון ,16,עמק חפר
2052,אביטל ,23,עפולה ,8,הגלבוע
1115,אביבים ,21,צפת ,2,מרום הגליל
4011,אבני איתן ,29,גולן ,71,גולן
3793,אבני חפץ ,73,טול כרם ,72,שומרון
1311,אבשלום ,62,באר שבע ,38,אשכול
1275,אבטליון ,24,עכו ,56,משגב
156,עיינות ,44,רחובות ,27,גן רווה
77,איילת השחר ,21,צפת ,1,הגליל העליון
711,עזריה ,43,רמלה ,30,גזר
565,אזור ,53,חולון ,0,
837,עזריאל ,41,השרון ,18,לב השרון
817,עזריקם ,61,אשקלון ,33,באר טוביה
2043,בחן ,41,השרון ,16,עמק חפר
94,בלפוריה ,23,עפולה ,9,עמק יזרעאל
6000,באקה אל-גרביה ,32,חדרה ,0,
823,בר גיורא ,11,ירושלים ,26,מטה יהודה
1191,בר יוחאי ,21,צפת ,2,מרום הגליל
667,ברעם ,21,צפת ,1,הגליל העליון
141,ברק ,23,עפולה ,8,הגלבוע
2038,ברקת ,42,פתח תקווה ,25,חבל מודיעין
3654,ברקן ,73,טול כרם ,72,שומרון
617,ברקאי ,32,חדרה ,14,מנשה
1326,"בסמ""ה ",32,חדרה ,0,
944,בסמת טבעון ,23,עפולה ,0,
3794,בת עין ,76,בית לחם ,76,גוש עציון
1323,בת הדר ,61,אשקלון ,36,חוף אשקלון
1319,בת חפר ,41,השרון ,16,עמק חפר
1361,בת חן ,41,השרון ,16,עמק חפר
33,בת שלמה ,32,חדרה ,15,חוף הכרמל
6200,בת ים ,53,חולון ,0,
389,בצרה ,41,השרון ,19,חוף השרון
1278,באר מילכה ,62,באר שבע ,48,רמת נגב
21,באר אורה ,62,באר שבע ,53,חבל אילות
9000,באר שבע ,62,באר שבע ,0,
155,באר טוביה ,61,אשקלון ,33,באר טוביה
2530,באר יעקב ,43,רמלה ,0,
399,בארי ,62,באר שבע ,38,אשכול
450,בארות יצחק ,42,פתח תקווה ,25,חבל מודיעין
697,בארותיים ,41,השרון ,16,עמק חפר
1376,באר גנים ,62,באר שבע ,36,חוף אשקלון
480,בית ג'ן ,24,עכו ,0,
712,בן עמי ,24,עכו ,4,מטה אשר
2013,בן שמן (מושב) ,43,רמלה ,25,חבל מודיעין
1084,בן שמן (כפר נוער) ,43,רמלה ,25,חבל מודיעין
760,בן זכאי ,44,רחובות ,29,חבל יבנה
685,בניה ,44,רחובות ,28,ברנר
448,בני עטרות ,42,פתח תקווה ,25,חבל מודיעין
1066,"בני עי""ש ",44,רחובות ,0,
6100,בני ברק ,52,רמת גן ,0,
592,בני דרום ,44,רחובות ,29,חבל יבנה
386,בני דרור ,41,השרון ,18,לב השרון
1363,בני נצרים ,62,באר שבע ,38,אשכול
588,בני ראם ,44,רחובות ,31,נחל שורק
4015,בני יהודה ,29,גולן ,71,גולן
418,בני ציון ,41,השרון ,19,חוף השרון
3612,בקעות ,75,ירדן )יריחו( ,75,ערבות הירדן
864,בקוע ,11,ירושלים ,26,מטה יהודה
3710,ברכה ,72,שכם ,72,שומרון
746,ברכיה ,61,אשקלון ,36,חוף אשקלון
428,ברור חיל ,61,אשקלון ,37,שער הנגב
2060,ברוש ,62,באר שבע ,41,בני שמעון
95,בית אלפא ,23,עפולה ,8,הגלבוע
604,בית עריף ,43,רמלה ,25,חבל מודיעין
3652,בית אריה ,74,ראמאללה ,0,
1076,בית ברל ,42,פתח תקווה ,20,דרום השרון
466,בית דגן ,43,רמלה ,0,
3574,בית אל ,74,ראמאללה ,0,
562,בית אלעזרי ,44,רחובות ,28,ברנר
756,בית עזרא ,61,אשקלון ,33,באר טוביה
571,בית גמליאל ,44,רחובות ,29,חבל יבנה
619,בית גוברין ,61,אשקלון ,35,יואב
3645,בית הערבה ,75,ירדן )יריחו( ,74,מגילות ים המלח
572,בית העמק ,24,עכו ,4,מטה אשר
723,בית הגדי ,62,באר שבע ,39,שדות נגב
373,בית הלוי ,41,השרון ,16,עמק חפר
159,בית חנן ,44,רחובות ,27,גן רווה
800,בית חנניה ,32,חדרה ,15,חוף הכרמל
242,בית השיטה ,23,עפולה ,8,הגלבוע
1050,בית חשמונאי ,43,רמלה ,30,גזר
877,בית חירות ,41,השרון ,16,עמק חפר
322,בית הלל ,21,צפת ,55,מבואות החרמון
2033,בית חלקיה ,44,רחובות ,31,נחל שורק
3575,בית חורון ,74,ראמאללה ,73,מטה בנימין
430,בית לחם הגלילית ,23,עפולה ,9,עמק יזרעאל
751,בית מאיר ,11,ירושלים ,26,מטה יהודה
784,בית נחמיה ,43,רמלה ,25,חבל מודיעין
672,בית נקופה ,11,ירושלים ,26,מטה יהודה
16,בית ניר ,61,אשקלון ,35,יואב
317,בית אורן ,32,חדרה ,15,חוף הכרמל
202,בית עובד ,44,רחובות ,27,גן רווה
598,בית קמה ,62,באר שבע ,41,בני שמעון
365,בית קשת ,22,כנרת ,3,הגליל התחתון
848,בית רבן ,44,רחובות ,29,חבל יבנה
1162,בית רימון ,23,עפולה ,3,הגליל התחתון
9200,בית שאן ,23,עפולה ,0,
248,בית שערים ,23,עפולה ,9,עמק יזרעאל
2610,בית שמש ,11,ירושלים ,0,
747,בית שקמה ,61,אשקלון ,36,חוף אשקלון
301,בית עוזיאל ,43,רמלה ,30,גזר
200,בית ינאי ,41,השרון ,16,עמק חפר
288,בית יהושע ,41,השרון ,19,חוף השרון
326,בית יצחק-שער חפר ,41,השרון ,16,עמק חפר
265,בית יוסף ,23,עפולה ,7,עמק המעיינות
710,בית זית ,11,ירושלים ,26,מטה יהודה
353,בית זיד ,23,עפולה ,9,עמק יזרעאל
143,בית זרע ,22,כנרת ,6,עמק הירדן
212,בית צבי ,32,חדרה ,15,חוף הכרמל
3780,ביתר עילית ,76,בית לחם ,0,
589,בצת ,24,עכו ,4,מטה אשר
483,בענה ,24,עכו ,0,
9800,בנימינה-גבעת עדה ,32,חדרה ,0,
998,ביר אל-מכסור ,24,עכו ,0,
1348,ביר הדאג' ,62,באר שבע ,68,נווה מדבר
368,ביריה ,21,צפת ,2,מרום הגליל
252,ביתן אהרן ,41,השרון ,16,עמק חפר
762,בטחה ,62,באר שבע ,42,מרחבים
234,ביצרון ,61,אשקלון ,33,באר טוביה
1368,בני דקלים ,61,אשקלון ,50,לכיש
3744,ברוכין ,73,טול כרם ,72,שומרון
482,בועיינה-נוג'ידאת ,25,נצרת ,0,
4001,בוקעאתא ,29,גולן ,0,
698,בורגתה ,41,השרון ,16,עמק חפר
559,בוסתן הגליל ,24,עכו ,4,מטה אשר
489,דבוריה ,23,עפולה ,0,
302,דפנה ,21,צפת ,1,הגליל העליון
475,דחי ,23,עפולה ,66,בוסתאן אל-מרג'
494,דאלית אל-כרמל ,31,חיפה ,0,
300,דליה ,23,עפולה ,13,מגידו
431,דלתון ,21,צפת ,2,מרום הגליל
303,דן ,21,צפת ,1,הגליל העליון
407,דברת ,23,עפולה ,9,עמק יזרעאל
62,דגניה א' ,22,כנרת ,6,עמק הירדן
79,דגניה ב' ,22,כנרת ,6,עמק הירדן
490,דייר אל-אסד ,24,עכו ,0,
492,דייר חנא ,24,עכו ,0,
493,דייר ראפאת ,11,ירושלים ,26,מטה יהודה
1317,דמיידה ,24,עכו ,56,משגב
1241,דקל ,62,באר שבע ,38,אשכול
1349,דריג'את ,62,באר שבע ,69,אל קסום
849,דבירה ,62,באר שבע ,41,בני שמעון
146,דבורה ,23,עפולה ,8,הגלבוע
2200,דימונה ,62,באר שבע ,0,
2063,דישון ,21,צפת ,55,מבואות החרמון
3747,דולב ,74,ראמאללה ,73,מטה בנימין
738,דור ,32,חדרה ,15,חוף הכרמל
336,דורות ,61,אשקלון ,37,שער הנגב
1067,"דוב""ב ",21,צפת ,2,מרום הגליל
3650,אפרת ,76,בית לחם ,0,
530,עיילבון ,22,כנרת ,0,
546,עין אל-אסד ,24,עכו ,2,מרום הגליל
1320,עין חוד ,32,חדרה ,15,חוף הכרמל
532,עין מאהל ,25,נצרת ,0,
521,עין נקובא ,11,ירושלים ,26,מטה יהודה
4502,עין קנייא ,29,גולן ,0,
514,עין ראפה ,11,ירושלים ,26,מטה יהודה
1309,אלעד ,42,פתח תקווה ,0,
3618,אלעזר ,76,בית לחם ,76,גוש עציון
4003,אל-רום ,29,גולן ,71,גולן
2600,אילת ,62,באר שבע ,0,
3765,עלי ,72,שכם ,73,מטה בנימין
4002,אלי-עד ,29,גולן ,71,גולן
1365,אליאב ,61,אשקלון ,50,לכיש
1248,אליפז ,62,באר שבע ,53,חבל אילות
730,אליפלט ,21,צפת ,55,מבואות החרמון
841,אלישמע ,42,פתח תקווה ,20,דרום השרון
294,אילון ,24,עכו ,4,מטה אשר
3579,אלון מורה ,72,שכם ,72,שומרון
1126,אילות ,62,באר שבע ,53,חבל אילות
3560,אלקנה ,73,טול כרם ,0,
603,אלקוש ,24,עכו ,52,מעלה יוסף
41,אליכין ,41,השרון ,0,
682,אליקים ,23,עפולה ,13,מגידו
204,אלישיב ,41,השרון ,16,עמק חפר
772,אמונים ,61,אשקלון ,33,באר טוביה
687,עין איילה ,32,חדרה ,15,חוף הכרמל
436,עין דור ,23,עפולה ,9,עמק יזרעאל
2042,עין גדי ,62,באר שבע ,51,תמר
273,עין גב ,22,כנרת ,6,עמק הירדן
1240,עין הבשור ,62,באר שבע ,38,אשכול
367,עין העמק ,23,עפולה ,13,מגידו
167,עין החורש ,41,השרון ,16,עמק חפר
289,עין המפרץ ,24,עכו ,4,מטה אשר
383,"עין הנצי""ב ",23,עפולה ,7,עמק המעיינות
89,עין חרוד (איחוד) ,23,עפולה ,8,הגלבוע
82,עין חרוד (מאוחד) ,23,עפולה ,8,הגלבוע
676,עין השלושה ,62,באר שבע ,38,אשכול
270,עין השופט ,23,עפולה ,13,מגידו
1053,עין חצבה ,62,באר שבע ,51,תמר
74,עין הוד ,32,חדרה ,15,חוף הכרמל
223,עין עירון ,32,חדרה ,14,מנשה
1056,"עין כרם-בי""ס חקלאי ",11,ירושלים ,26,מטה יהודה
426,עין כרמל ,32,חדרה ,15,חוף הכרמל
880,עין שריד ,41,השרון ,18,לב השרון
139,עין שמר ,32,חדרה ,14,מנשה
1251,עין תמר ,62,באר שבע ,51,תמר
157,עין ורד ,41,השרון ,18,לב השרון
813,עין יעקב ,24,עכו ,52,מעלה יוסף
806,עין יהב ,62,באר שבע ,54,הערבה התיכונה
4503,עין זיוון ,29,גולן ,71,גולן
622,עין צורים ,61,אשקלון ,34,שפיר
871,עינת ,42,פתח תקווה ,20,דרום השרון
3712,ענב ,73,טול כרם ,72,שומרון
714,ארז ,61,אשקלון ,37,שער הנגב
71,אשבול ,62,באר שבע ,42,מרחבים
2021,אשל הנשיא ,62,באר שבע ,42,מרחבים
1188,אשחר ,24,עכו ,56,משגב
3722,אשכולות ,77,חברון ,78,הר חברון
740,אשתאול ,11,ירושלים ,26,מטה יהודה
37,איתן ,61,אשקלון ,34,שפיר
886,איתנים ,11,ירושלים ,26,מטה יהודה
1298,אתגר ,24,עכו ,56,משגב
1081,אבן מנחם ,24,עכו ,52,מעלה יוסף
783,אבן ספיר ,11,ירושלים ,26,מטה יהודה
400,אבן שמואל ,61,אשקלון ,34,שפיר
182,אבן יהודה ,41,השרון ,0,
369,גלעד (אבן יצחק) ,23,עפולה ,13,מגידו
376,עברון ,24,עכו ,4,מטה אשר
716,אייל ,42,פתח תקווה ,20,דרום השרון
3778,עץ אפרים ,73,טול כרם ,72,שומרון
1149,עזר ,61,אשקלון ,33,באר טוביה
328,עזוז ,62,באר שבע ,48,רמת נגב
535,פסוטה ,24,עכו ,0,
537,פוריידיס ,32,חדרה ,0,
842,געש ,41,השרון ,19,חוף השרון
463,געתון ,24,עכו ,4,מטה אשר
145,גדיש ,23,עפולה ,8,הגלבוע
35,גדות ,21,צפת ,1,הגליל העליון
393,גלאון ,61,אשקלון ,35,יואב
1072,גן הדרום ,44,רחובות ,32,גדרות
225,גן השומרון ,32,חדרה ,14,מנשה
239,גן חיים ,42,פתח תקווה ,20,דרום השרון
1274,גן נר ,23,עפולה ,8,הגלבוע
144,גן שלמה ,44,רחובות ,28,ברנר
72,גן שמואל ,32,חדרה ,14,מנשה
311,גן שורק ,44,רחובות ,27,גן רווה
166,גן יבנה ,44,רחובות ,0,
734,גן יאשיה ,41,השרון ,16,עמק חפר
218,גני עם ,42,פתח תקווה ,20,דרום השרון
1103,גני הדר ,43,רמלה ,30,גזר
3823,גני מודיעין ,74,ראמאללה ,73,מטה בנימין
1371,גני טל ,44,רחובות ,31,נחל שורק
229,גני תקווה ,42,פתח תקווה ,0,
862,גני יוחנן ,44,רחובות ,30,גזר
836,גנות ,43,רמלה ,40,שדות דן
549,גנות הדר ,41,השרון ,18,לב השרון
128,גת רימון ,42,פתח תקווה ,20,דרום השרון
340,גת (קיבוץ) ,61,אשקלון ,35,יואב
457,גזית ,23,עפולה ,9,עמק יזרעאל
706,גיאה ,61,אשקלון ,36,חוף אשקלון
853,גאליה ,44,רחובות ,27,גן רווה
872,גאולי תימן ,41,השרון ,16,עמק חפר
379,גאולים ,41,השרון ,18,לב השרון
2550,גדרה ,44,רחובות ,0,
39,גפן ,11,ירושלים ,26,מטה יהודה
346,גליל ים ,51,תל אביב ,19,חוף השרון
1129,גרופית ,62,באר שבע ,53,חבל אילות
305,גשר ,22,כנרת ,7,עמק המעיינות
574,גשר הזיו ,24,עכו ,4,מטה אשר
4022,גשור ,29,גולן ,71,גולן
86,גבע ,23,עפולה ,8,הגלבוע
683,גבע כרמל ,32,חדרה ,15,חוף הכרמל
3763,גבע בנימין ,74,ראמאללה ,73,מטה בנימין
1344,גבעות בר ,62,באר שבע ,41,בני שמעון
342,גברעם ,61,אשקלון ,36,חוף אשקלון
133,גבת ,23,עפולה ,9,עמק יזרעאל
424,גבים ,61,אשקלון ,37,שער הנגב
352,גבולות ,62,באר שבע ,38,אשכול
370,גזר ,43,רמלה ,30,גזר
4501,ע'ג'ר ,29,גולן ,0,
196,גיבתון ,44,רחובות ,28,ברנר
442,גדעונה ,23,עפולה ,8,הגלבוע
736,גילת ,62,באר שבע ,42,מרחבים
3606,גלגל ,75,ירדן )יריחו( ,75,ערבות הירדן
1204,גילון ,24,עכו ,56,משגב
745,גמזו ,43,רמלה ,25,חבל מודיעין
863,גינתון ,43,רמלה ,25,חבל מודיעין
92,גיניגר ,23,עפולה ,9,עמק יזרעאל
262,גינוסר ,22,כנרת ,6,עמק הירדן
1206,גיתה ,24,עכו ,52,מעלה יוסף
3613,גיתית ,75,ירדן )יריחו( ,75,ערבות הירדן
1293,גבעת אבני ,22,כנרת ,3,הגליל התחתון
147,גבעת ברנר ,44,רחובות ,28,ברנר
1288,גבעת אלה ,23,עפולה ,9,עמק יזרעאל
870,גבעת השלושה ,42,פתח תקווה ,20,דרום השרון
2018,גבעת חיים (איחוד) ,41,השרון ,16,עמק חפר
173,גבעת חיים (מאוחד) ,41,השרון ,16,עמק חפר
207,"גבעת ח""ן ",42,פתח תקווה ,20,דרום השרון
802,"גבעת כ""ח ",42,פתח תקווה ,25,חבל מודיעין
360,"גבעת ניל""י ",32,חדרה ,45,אלונה
703,גבעת עוז ,23,עפולה ,13,מגידו
1077,גבעת שפירא ,41,השרון ,16,עמק חפר
566,גבעת שמש ,11,ירושלים ,26,מטה יהודה
681,גבעת שמואל ,42,פתח תקווה ,0,
787,גבעת יערים ,11,ירושלים ,26,מטה יהודה
919,גבעת ישעיהו ,11,ירושלים ,26,מטה יהודה
4021,גבעת יואב ,29,גולן ,71,גולן
3730,גבעת זאב ,74,ראמאללה ,0,
6300,גבעתיים ,52,רמת גן ,0,
793,גבעתי ,61,אשקלון ,33,באר טוביה
2014,גבעולים ,62,באר שבע ,39,שדות נגב
3644,גבעון החדשה ,74,ראמאללה ,73,מטה בנימין
1362,גבעות עדן ,11,ירושלים ,26,מטה יהודה
1043,גיזו ,11,ירושלים ,26,מטה יהודה
852,גונן ,21,צפת ,1,הגליל העליון
755,גורן ,24,עכו ,52,מעלה יוסף
1219,גורנות הגליל ,24,עכו ,52,מעלה יוסף
675,הבונים ,32,חדרה ,15,חוף הכרמל
4026,חד-נס ,29,גולן ,71,גולן
191,הדר עם ,41,השרון ,16,עמק חפר
6500,חדרה ,32,חדרה ,0,
618,חדיד ,43,רמלה ,25,חבל מודיעין
363,חפץ חיים ,44,רחובות ,31,נחל שורק
3764,חגי ,77,חברון ,78,הר חברון
717,חגור ,42,פתח תקווה ,20,דרום השרון
356,הגושרים ,21,צפת ,1,הגליל העליון
434,החותרים ,32,חדרה ,15,חוף הכרמל
4000,חיפה ,31,חיפה ,0,
1272,חלוץ ,24,עכו ,56,משגב
377,המעפיל ,41,השרון ,16,עמק חפר
343,חמדיה ,23,עפולה ,7,עמק המעיינות
993,חמאם ,22,כנרת ,65,אל-בטוף
3609,חמרה ,75,ירדן )יריחו( ,75,ערבות הירדן
280,חניתה ,24,עכו ,4,מטה אשר
1257,חנתון ,23,עפולה ,9,עמק יזרעאל
807,חניאל ,41,השרון ,16,עמק חפר
423,העוגן ,41,השרון ,16,עמק חפר
702,האון ,22,כנרת ,6,עמק הירדן
3769,הר אדר ,74,ראמאללה ,0,
1261,הר עמשא ,62,באר שבע ,51,תמר
3603,הר גילה ,76,בית לחם ,76,גוש עציון
464,הראל ,11,ירושלים ,26,מטה יהודה
1203,הררית ,24,עכו ,56,משגב
1209,חרשים ,24,עכו ,56,משגב
1249,הרדוף ,23,עפולה ,9,עמק יזרעאל
1247,חריש ,32,חדרה ,0,
1024,חרוצים ,41,השרון ,19,חוף השרון
3770,חשמונאים ,74,ראמאללה ,73,מטה בנימין
677,הסוללים ,23,עפולה ,9,עמק יזרעאל
4005,חספין ,29,גולן ,71,גולן
235,חבצלת השרון ,41,השרון ,16,עמק חפר
1169,הוואשלה (שבט) ,62,באר שבע ,0,
684,היוגב ,23,עפולה ,9,עמק יזרעאל
700,חצב ,61,אשקלון ,33,באר טוביה
397,חצרים ,62,באר שבע ,41,בני שמעון
13,חצבה ,62,באר שבע ,54,הערבה התיכונה
1047,חזון ,22,כנרת ,2,מרום הגליל
2034,חצור הגלילית ,21,צפת ,0,
406,חצור-אשדוד ,61,אשקלון ,33,באר טוביה
307,הזורעים ,22,כנרת ,3,הגליל התחתון
250,הזורע ,23,עפולה ,13,מגידו
90,חפצי-בה ,23,עפולה ,8,הגלבוע
820,חלץ ,61,אשקלון ,36,חוף אשקלון
801,חמד ,43,רמלה ,40,שדות דן
422,חרב לאת ,41,השרון ,16,עמק חפר
3717,חרמש ,71,ג'נין ,72,שומרון
162,חירות ,41,השרון ,18,לב השרון
6400,הרצליה ,51,תל אביב ,0,
1110,חבר ,23,עפולה ,8,הגלבוע
219,חיבת ציון ,41,השרון ,16,עמק חפר
1208,הילה ,24,עכו ,52,מעלה יוסף
3643,חיננית ,71,ג'נין ,72,שומרון
9700,הוד השרון ,42,פתח תקווה ,0,
1322,הודיות ,22,כנרת ,3,הגליל התחתון
726,הודיה ,61,אשקלון ,36,חוף אשקלון
115,חופית ,41,השרון ,16,עמק חפר
205,חגלה ,41,השרון ,16,עמק חפר
1239,חולית ,62,באר שבע ,38,אשכול
6600,חולון ,53,חולון ,0,
355,חורשים ,42,פתח תקווה ,20,דרום השרון
662,חוסן ,24,עכו ,52,מעלה יוסף
1186,הושעיה ,23,עפולה ,9,עמק יזרעאל
948,חוג'ייראת (ד'הרה) ,24,עכו ,56,משגב
253,חולתה ,21,צפת ,1,הגליל העליון
160,חולדה ,43,רמלה ,30,גזר
374,חוקוק ,22,כנרת ,6,עמק הירדן
1303,חורה ,62,באר שבע ,0,
496,חורפיש ,24,עכו ,0,
1332,חוסנייה ,24,עכו ,56,משגב
956,הוזייל (שבט) ,62,באר שבע ,0,
529,אעבלין ,24,עכו ,0,
338,איבים ,61,אשקלון ,37,שער הנגב
652,אבטין ,31,חיפה ,12,זבולון
1175,עידן ,62,באר שבע ,54,הערבה התיכונה
478,אכסאל ,23,עפולה ,0,
49,אילניה ,22,כנרת ,3,הגליל התחתון
511,עילוט ,25,נצרת ,0,
3660,עמנואל ,73,טול כרם ,0,
1187,עיר אובות ,62,באר שבע ,54,הערבה התיכונה
1336,אירוס ,44,רחובות ,27,גן רווה
534,עספיא ,31,חיפה ,0,
3762,איתמר ,72,שכם ,72,שומרון
628,ג'ת ,32,חדרה ,0,
627,ג'לג'וליה ,42,פתח תקווה ,0,
3000,ירושלים ,11,ירושלים ,0,
487,ג'ש (גוש חלב) ,21,צפת ,0,
541,ג'סר א-זרקא ,32,חדרה ,0,
1292,ג'דיידה-מכר ,24,עכו ,0,
485,ג'ולס ,24,עכו ,0,
976,ג'נאביב (שבט) ,62,באר שבע ,0,
978,כעביה-טבאש-חג'אג'רה ,25,נצרת ,0,
576,כברי ,24,עכו ,4,מטה אשר
504,כאבול ,24,עכו ,0,
1338,כדיתה ,21,צפת ,2,מרום הגליל
371,כדורי ,22,כנרת ,3,הגליל התחתון
633,כפר ברא ,42,פתח תקווה ,0,
508,כפר כמא ,22,כנרת ,0,
509,כפר כנא ,25,נצרת ,0,
510,כפר מנדא ,24,עכו ,0,
512,כפר מצר ,25,נצרת ,66,בוסתאן אל-מרג'
654,כפר קרע ,32,חדרה ,0,
634,כפר קאסם ,42,פתח תקווה ,0,
507,כפר יאסיף ,24,עכו ,0,
1210,כחל ,21,צפת ,55,מבואות החרמון
1229,כלנית ,22,כנרת ,2,מרום הגליל
1201,כמון ,24,עכו ,56,משגב
4028,כנף ,29,גולן ,71,גולן
2006,כנות ,61,אשקלון ,33,באר טוביה
505,כאוכב אבו אל-היג'א ,24,עכו ,0,
38,כרי דשא ,22,כנרת ,6,עמק הירדן
1285,כרכום ,22,כנרת ,55,מבואות החרמון
1374,כרמי קטיף ,61,אשקלון ,50,לכיש
1264,כרמי יוסף ,43,רמלה ,30,גזר
3766,כרמי צור ,77,חברון ,76,גוש עציון
3656,כרמל ,77,חברון ,78,הר חברון
1139,כרמיאל ,24,עכו ,0,
768,כרמיה ,61,אשקלון ,36,חוף אשקלון
3638,כפר אדומים ,74,ראמאללה ,73,מטה בנימין
690,כפר אחים ,61,אשקלון ,33,באר טוביה
857,כפר אביב ,44,רחובות ,32,גדרות
875,כפר עבודה ,41,השרון ,18,לב השרון
845,כפר עזה ,61,אשקלון ,37,שער הנגב
132,כפר ברוך ,23,עפולה ,9,עמק יזרעאל
220,כפר ביאליק ,31,חיפה ,12,זבולון
177,"כפר ביל""ו ",44,רחובות ,30,גזר
2010,כפר בן נון ,43,רמלה ,30,גזר
357,כפר בלום ,21,צפת ,1,הגליל העליון
707,כפר דניאל ,43,רמלה ,25,חבל מודיעין
3488,כפר עציון ,76,בית לחם ,76,גוש עציון
427,כפר גלים ,31,חיפה ,15,חוף הכרמל
106,כפר גדעון ,23,עפולה ,9,עמק יזרעאל
76,כפר גלעדי ,21,צפת ,1,הגליל העליון
310,כפר גליקסון ,32,חדרה ,14,מנשה
696,"כפר חב""ד ",43,רמלה ,40,שדות דן
192,כפר החורש ,23,עפולה ,9,עמק יזרעאל
254,כפר המכבי ,31,חיפה ,12,זבולון
582,כפר הנגיד ,44,רחובות ,27,גן רווה
1297,כפר חנניה ,21,צפת ,2,מרום הגליל
443,כפר הנשיא ,21,צפת ,1,הגליל העליון
890,כפר הנוער הדתי ,31,חיפה ,12,זבולון
3796,כפר האורנים ,74,ראמאללה ,73,מטה בנימין
888,"כפר הרי""ף ",61,אשקלון ,35,יואב
217,"כפר הרא""ה ",41,השרון ,16,עמק חפר
4004,כפר חרוב ,29,גולן ,71,גולן
112,כפר חסידים א' ,31,חיפה ,12,זבולון
889,כפר חסידים ב' ,31,חיפה ,12,זבולון
193,כפר חיים ,41,השרון ,16,עמק חפר
187,כפר הס ,41,השרון ,18,לב השרון
255,כפר חיטים ,22,כנרת ,3,הגליל התחתון
609,כפר חושן ,21,צפת ,2,מרום הגליל
388,כפר קיש ,22,כנרת ,3,הגליל התחתון
98,"כפר מל""ל ",42,פתח תקווה ,20,דרום השרון
297,כפר מסריק ,24,עכו ,4,מטה אשר
1095,כפר מימון ,62,באר שבע ,39,שדות נגב
274,כפר מנחם ,61,אשקלון ,35,יואב
387,כפר מונש ,41,השרון ,16,עמק חפר
764,כפר מרדכי ,44,רחובות ,32,גדרות
316,כפר נטר ,41,השרון ,19,חוף השרון
189,כפר פינס ,32,חדרה ,14,מנשה
579,כפר ראש הנקרה ,24,עכו ,4,מטה אשר
1130,כפר רוזנואלד (זרעית) ,24,עכו ,52,מעלה יוסף
295,כפר רופין ,23,עפולה ,7,עמק המעיינות
1166,כפר רות ,43,רמלה ,25,חבל מודיעין
6900,כפר סבא ,42,פתח תקווה ,0,
605,כפר שמאי ,21,צפת ,2,מרום הגליל
267,כפר שמריהו ,51,תל אביב ,0,
743,כפר שמואל ,43,רמלה ,30,גזר
107,כפר סילבר ,61,אשקלון ,36,חוף אשקלון
249,כפר סירקין ,42,פתח תקווה ,20,דרום השרון
345,כפר סאלד ,21,צפת ,1,הגליל העליון
3572,כפר תפוח ,73,טול כרם ,72,שומרון
47,כפר תבור ,22,כנרת ,0,
673,כפר טרומן ,43,רמלה ,25,חבל מודיעין
364,כפר אוריה ,11,ירושלים ,26,מטה יהודה
190,כפר ויתקין ,41,השרון ,16,עמק חפר
320,כפר ורבורג ,61,אשקלון ,33,באר טוביה
1263,כפר ורדים ,24,עכו ,0,
170,כפר יעבץ ,41,השרון ,18,לב השרון
85,כפר יחזקאל ,23,עפולה ,8,הגלבוע
140,כפר יהושע ,23,עפולה ,9,עמק יזרעאל
168,כפר יונה ,41,השרון ,0,
786,כפר זיתים ,22,כנרת ,3,הגליל התחתון
1325,כפר זוהרים ,11,ירושלים ,26,מטה יהודה
1183,כליל ,24,עכו ,4,מטה אשר
1291,כמהין ,62,באר שבע ,48,רמת נגב
1198,כרמים ,62,באר שבע ,41,בני שמעון
88,כרם בן שמן ,43,רמלה ,25,חבל מודיעין
664,כרם בן זמרה ,21,צפת ,2,מרום הגליל
580,"כרם מהר""ל ",32,חדרה ,15,חוף הכרמל
1085,כרם שלום ,62,באר שבע ,38,אשכול
1094,כרם יבנה (ישיבה) ,44,רחובות ,29,חבל יבנה
859,כסלון ,11,ירושלים ,26,מטה יהודה
1321,ח'ואלד ,31,חיפה ,12,זבולון
986,ח'ואלד (שבט) ,25,נצרת ,12,זבולון
63,כנרת (מושבה) ,22,כנרת ,6,עמק הירדן
57,כנרת (קבוצה) ,22,כנרת ,6,עמק הירדן
1153,כישור ,24,עכו ,56,משגב
1296,כסרא-סמיע ,24,עכו ,0,
840,כיסופים ,62,באר שבע ,38,אשכול
1367,כחלה ,62,באר שבע ,69,אל קסום
3564,כוכב השחר ,74,ראמאללה ,73,מטה בנימין
824,כוכב מיכאל ,61,אשקלון ,36,חוף אשקלון
3779,כוכב יעקב ,74,ראמאללה ,73,מטה בנימין
1224,כוכב יאיר ,42,פתח תקווה ,0,
1252,כורזים ,21,צפת ,55,מבואות החרמון
1059,כסיפה ,62,באר שבע ,0,
2023,להב ,62,באר שבע ,41,בני שמעון
380,להבות הבשן ,21,צפת ,1,הגליל העליון
715,להבות חביבה ,32,חדרה ,14,מנשה
24,לכיש ,61,אשקלון ,50,לכיש
1310,לפיד ,43,רמלה ,25,חבל מודיעין
1173,לפידות ,24,עכו ,52,מעלה יוסף
1060,לקיה ,62,באר שבע ,0,
585,לביא ,22,כנרת ,3,הגליל התחתון
1207,לבון ,24,עכו ,56,משגב
1271,להבים ,62,באר שבע ,0,
1114,שריגים (לי-און) ,11,ירושלים ,26,מטה יהודה
674,לימן ,24,עכו ,4,מטה אשר
1230,לבנים ,22,כנרת ,2,מרום הגליל
7000,לוד ,43,רמלה ,0,
595,לוחמי הגיטאות ,24,עכו ,4,מטה אשר
1255,לוטן ,62,באר שבע ,53,חבל אילות
1171,לוטם ,24,עכו ,56,משגב
52,לוזית ,11,ירושלים ,26,מטה יהודה
678,מעגן ,22,כנרת ,6,עמק הירדן
694,מעגן מיכאל ,32,חדרה ,15,חוף הכרמל
3616,מעלה אדומים ,76,בית לחם ,0,
3653,מעלה עמוס ,76,בית לחם ,76,גוש עציון
3608,מעלה אפרים ,75,ירדן )יריחו( ,0,
4008,מעלה גמלא ,29,גולן ,71,גולן
1127,מעלה גלבוע ,23,עפולה ,7,עמק המעיינות
286,מעלה החמישה ,11,ירושלים ,26,מטה יהודה
1327,מעלה עירון ,32,חדרה ,0,
3752,מעלה לבונה ,74,ראמאללה ,73,מטה בנימין
3651,מעלה מכמש ,74,ראמאללה ,73,מטה בנימין
1063,מעלות-תרשיחא ,24,עכו ,0,
344,מענית ,32,חדרה ,14,מנשה
230,מעש ,42,פתח תקווה ,20,דרום השרון
197,מעברות ,41,השרון ,16,עמק חפר
1082,מעגלים ,62,באר שבע ,39,שדות נגב
3657,מעון ,77,חברון ,78,הר חברון
2055,מאור ,32,חדרה ,14,מנשה
272,מעוז חיים ,23,עפולה ,7,עמק המעיינות
416,מעין ברוך ,21,צפת ,1,הגליל העליון
290,מעין צבי ,32,חדרה ,15,חוף הכרמל
1080,מבועים ,62,באר שבע ,42,מרחבים
695,מגן ,62,באר שבע ,38,אשכול
1155,מגן שאול ,23,עפולה ,8,הגלבוע
375,מגל ,32,חדרה ,14,מנשה
722,מגשימים ,42,פתח תקווה ,20,דרום השרון
308,מחניים ,21,צפת ,1,הגליל העליון
1262,צוקים ,62,באר שבע ,54,הערבה התיכונה
1411,מחנה הילה ,44,רחובות ,27,גן רווה
1414,מחנה מרים ,61,אשקלון ,33,באר טוביה
1418,מחנה טלי ,62,באר שבע ,48,רמת נגב
1412,מחנה תל נוף ,44,רחובות ,28,ברנר
1415,מחנה יפה ,62,באר שבע ,42,מרחבים
1196,מחנה יתיר ,62,באר שבע ,0,
1413,מחנה יהודית ,23,עפולה ,9,עמק יזרעאל
1416,מחנה יוכבד ,62,באר שבע ,53,חבל אילות
776,מחסיה ,11,ירושלים ,26,מטה יהודה
516,מג'ד אל-כרום ,24,עכו ,0,
4201,מג'דל שמס ,29,גולן ,0,
1343,מכחול ,62,באר שבע ,69,אל קסום
1154,מלכישוע ,23,עפולה ,7,עמק המעיינות
596,מלכיה ,21,צפת ,1,הגליל העליון
1174,מנוף ,24,עכו ,56,משגב
1205,מנות ,24,עכו ,52,מעלה יוסף
994,מנשית זבדה ,25,נצרת ,9,עמק יזרעאל
843,מרגליות ,21,צפת ,55,מבואות החרמון
4203,מסעדה ,29,גולן ,0,
939,מסעודין אל-עזאזמה ,62,באר שבע ,0,
421,משאבי שדה ,62,באר שבע ,48,רמת נגב
791,משען ,61,אשקלון ,36,חוף אשקלון
3785,משכיות ,75,ירדן )יריחו( ,75,ערבות הירדן
748,מסלול ,62,באר שבע ,42,מרחבים
1258,מסד ,22,כנרת ,3,הגליל התחתון
263,מסדה ,22,כנרת ,6,עמק הירדן
3605,משואה ,75,ירדן )יריחו( ,75,ערבות הירדן
620,משואות יצחק ,61,אשקלון ,34,שפיר
822,מטע ,11,ירושלים ,26,מטה יהודה
1315,מתן ,42,פתח תקווה ,20,דרום השרון
1184,מתת ,24,עכו ,52,מעלה יוסף
3648,מתתיהו ,74,ראמאללה ,73,מטה בנימין
573,מבקיעים ,61,אשקלון ,36,חוף אשקלון
28,מזכרת בתיה ,44,רחובות ,0,
757,מצליח ,43,רמלה ,30,גזר
606,מזור ,42,פתח תקווה ,25,חבל מודיעין
517,מזרעה ,24,עכו ,0,
325,מצובה ,24,עכו ,4,מטה אשר
1128,מי עמי ,32,חדרה ,14,מנשה
102,מאיר שפיה ,32,חדרה ,15,חוף הכרמל
570,מעונה ,24,עכו ,52,מעלה יוסף
668,מפלסים ,61,אשקלון ,37,שער הנגב
689,מגדים ,32,חדרה ,15,חוף הכרמל
586,מגידו ,23,עפולה ,13,מגידו
3599,מחולה ,75,ירדן )יריחו( ,75,ערבות הירדן
649,מייסר ,32,חדרה ,14,מנשה
3614,מכורה ,75,ירדן )יריחו( ,75,ערבות הירדן
164,מלאה ,23,עפולה ,8,הגלבוע
2044,מלילות ,62,באר שבע ,39,שדות נגב
48,מנחמיה ,22,כנרת ,7,עמק המעיינות
347,מנרה ,21,צפת ,1,הגליל העליון
2030,מנוחה ,61,אשקלון ,50,לכיש
1282,מירב ,23,עפולה ,7,עמק המעיינות
1340,מרחב עם ,62,באר שבע ,48,רמת נגב
97,מרחביה (מושב) ,23,עפולה ,9,עמק יזרעאל
66,מרחביה (קיבוץ) ,23,עפולה ,9,עמק יזרעאל
1098,מרכז שפירא ,61,אשקלון ,34,שפיר
4101,מרום גולן ,29,גולן ,71,גולן
607,מירון ,21,צפת ,2,מרום הגליל
731,מישר ,44,רחובות ,32,גדרות
520,משהד ,25,נצרת ,0,
742,מסילת ציון ,11,ירושלים ,26,מטה יהודה
298,מסילות ,23,עפולה ,7,עמק המעיינות
1268,מיתר ,62,באר שבע ,0,
2054,מיטב ,23,עפולה ,8,הגלבוע
43,מטולה ,21,צפת ,0,
1015,מבשרת ציון ,11,ירושלים ,0,
771,מבוא ביתר ,11,ירושלים ,26,מטה יהודה
3569,מבוא דותן ,71,ג'נין ,72,שומרון
4204,מבוא חמה ,29,גולן ,71,גולן
3709,מבוא חורון ,74,ראמאללה ,73,מטה בנימין
1141,מבוא מודיעים ,43,רמלה ,25,חבל מודיעין
1318,מבואות ים ,41,השרון ,16,עמק חפר
3825,מבואות יריחו ,75,ירדן )יריחו( ,75,ערבות הירדן
3745,מצדות יהודה ,77,חברון ,78,הר חברון
4019,מיצר ,29,גולן ,71,גולן
648,מצר ,32,חדרה ,14,מנשה
518,מעיליא ,24,עכו ,0,
2029,מדרך עוז ,23,עפולה ,13,מגידו
1140,מדרשת בן גוריון ,62,באר שבע ,48,רמת נגב
897,מדרשת רופין ,41,השרון ,16,עמק חפר
65,מגדל ,22,כנרת ,0,
874,מגדל העמק ,23,עפולה ,0,
3561,מגדל עוז ,76,בית לחם ,76,גוש עציון
3751,מגדלים ,72,שכם ,72,שומרון
1202,מכמנים ,24,עכו ,56,משגב
382,מכמורת ,41,השרון ,16,עמק חפר
22,מקווה ישראל ,53,חולון ,0,
378,משגב עם ,21,צפת ,1,הגליל העליון
765,משגב דב ,44,רחובות ,32,גדרות
670,משמר איילון ,43,רמלה ,30,גזר
563,משמר דוד ,43,רמלה ,30,גזר
130,משמר העמק ,23,עפולה ,13,מגידו
395,משמר הנגב ,62,באר שבע ,41,בני שמעון
194,משמר השרון ,41,השרון ,16,עמק חפר
729,משמר השבעה ,43,רמלה ,40,שדות דן
732,משמר הירדן ,21,צפת ,55,מבואות החרמון
213,משמרות ,32,חדרה ,14,מנשה
425,משמרת ,41,השרון ,18,לב השרון
1370,מצפה אילן ,32,חדרה ,14,מנשה
829,מבטחים ,62,באר שבע ,38,אשכול
58,מצפה ,22,כנרת ,3,הגליל התחתון
1222,"מצפה אבי""ב ",24,עכו ,56,משגב
1190,מצפה נטופה ,23,עפולה ,3,הגליל התחתון
99,מצפה רמון ,62,באר שבע ,0,
3610,מצפה שלם ,75,ירדן )יריחו( ,74,מגילות ים המלח
3576,מצפה יריחו ,75,ירדן )יריחו( ,73,מטה בנימין
104,מזרע ,23,עפולה ,9,עמק יזרעאל
3797,מודיעין עילית ,74,ראמאללה ,0,
1200,מודיעין-מכבים-רעות ,43,רמלה ,0,
269,מולדת ,23,עפולה ,8,הגלבוע
1163,מורן ,24,עכו ,56,משגב
1178,מורשת ,24,עכו ,56,משגב
208,מוצא עילית ,11,ירושלים ,26,מטה יהודה
481,מגאר ,22,כנרת ,0,
635,מוקייבלה ,23,עפולה ,8,הגלבוע
3787,נעלה ,74,ראמאללה ,73,מטה בנימין
158,נען ,43,רמלה ,30,גזר
3620,נערן ,75,ירדן )יריחו( ,75,ערבות הירדן
524,נאעורה ,23,עפולה ,8,הגלבוע
3713,"נעמ""ה ",75,ירדן )יריחו( ,75,ערבות הירדן
1276,אשבל ,24,עכו ,56,משגב
3646,חמדת ,75,ירדן )יריחו( ,75,ערבות הירדן
844,נחל עוז ,61,אשקלון ,37,שער הנגב
1267,שיטים ,62,באר שבע ,53,חבל אילות
2045,נחלה ,61,אשקלון ,35,יואב
80,נהלל ,23,עפולה ,9,עמק יזרעאל
3767,נחליאל ,74,ראמאללה ,73,מטה בנימין
809,נחם ,11,ירושלים ,26,מטה יהודה
9100,נהריה ,24,עכו ,0,
522,נחף ,24,עכו ,0,
433,נחשולים ,32,חדרה ,15,חוף הכרמל
777,נחשון ,11,ירושלים ,26,מטה יהודה
705,נחשונים ,42,פתח תקווה ,20,דרום השרון
1041,נצאצרה (שבט) ,62,באר שבע ,0,
1254,נטף ,11,ירושלים ,26,מטה יהודה
4014,נטור ,29,גולן ,71,גולן
1366,נווה ,62,באר שבע ,38,אשכול
7300,נצרת ,25,נצרת ,0,
4551,נאות גולן ,29,גולן ,71,גולן
1124,נאות הכיכר ,62,באר שבע ,51,תמר
408,נאות מרדכי ,21,צפת ,1,הגליל העליון
186,נעורים ,41,השרון ,16,עמק חפר
315,נגבה ,61,אשקלון ,35,יואב
3724,נגוהות ,77,חברון ,78,הר חברון
449,נחלים ,42,פתח תקווה ,25,חבל מודיעין
309,נהורה ,61,אשקלון ,50,לכיש
59,נחושה ,11,ירושלים ,26,מטה יהודה
523,ניין ,23,עפולה ,66,בוסתאן אל-מרג'
1143,נס עמים ,24,עכו ,4,מטה אשר
825,נס הרים ,11,ירושלים ,26,מטה יהודה
7200,נס ציונה ,44,רחובות ,0,
2500,נשר ,31,חיפה ,0,
1369,נטע ,61,אשקלון ,50,לכיש
174,נטעים ,44,רחובות ,27,גן רווה
7400,נתניה ,41,השרון ,0,
1242,נתיב העשרה ,61,אשקלון ,36,חוף אשקלון
3555,נתיב הגדוד ,75,ירדן )יריחו( ,75,ערבות הירדן
693,"נתיב הל""ה ",11,ירושלים ,26,מטה יהודה
792,נתיב השיירה ,24,עכו ,4,מטה אשר
246,נתיבות ,62,באר שבע ,0,
1147,נטועה ,24,עכו ,52,מעלה יוסף
396,נבטים ,62,באר שבע ,41,בני שמעון
3573,נוה צוף ,74,ראמאללה ,73,מטה בנימין
4303,"נווה אטי""ב ",29,גולן ,71,גולן
926,נווה אבות ,32,חדרה ,0,
3725,נווה דניאל ,76,בית לחם ,76,גוש עציון
296,נווה איתן ,23,עפולה ,7,עמק המעיינות
1279,נווה חריף ,62,באר שבע ,53,חבל אילות
405,נווה אילן ,11,ירושלים ,26,מטה יהודה
1071,נווה מיכאל ,11,ירושלים ,26,מטה יהודה
827,נווה מבטח ,61,אשקלון ,33,באר טוביה
1259,נווה שלום ,11,ירושלים ,26,מטה יהודה
590,נווה אור ,23,עפולה ,7,עמק המעיינות
312,נווה ים ,32,חדרה ,15,חוף הכרמל
686,נווה ימין ,42,פתח תקווה ,20,דרום השרון
858,נווה ירק ,42,פתח תקווה ,20,דרום השרון
1314,נווה זיו ,24,עכו ,52,מעלה יוסף
1057,נווה זוהר ,62,באר שבע ,51,תמר
1372,נצר חזני ,44,רחובות ,31,נחל שורק
435,נצר סרני ,43,רמלה ,30,גזר
3655,"ניל""י ",74,ראמאללה ,73,מטה בנימין
4035,נמרוד ,29,גולן ,71,גולן
348,ניר עם ,61,אשקלון ,37,שער הנגב
2048,ניר עקיבא ,62,באר שבע ,42,מרחבים
553,ניר בנים ,61,אשקלון ,33,באר טוביה
256,ניר דוד (תל עמל) ,23,עפולה ,7,עמק המעיינות
808,ניר אליהו ,42,פתח תקווה ,20,דרום השרון
769,ניר עציון ,32,חדרה ,15,חוף הכרמל
720,ניר גלים ,44,רחובות ,29,חבל יבנה
11,"ניר ח""ן ",61,אשקלון ,50,לכיש
2047,ניר משה ,62,באר שבע ,42,מרחבים
69,ניר עוז ,62,באר שבע ,38,אשכול
165,ניר יפה ,23,עפולה ,8,הגלבוע
699,ניר ישראל ,61,אשקלון ,36,חוף אשקלון
402,ניר יצחק ,62,באר שבע ,38,אשכול
331,ניר צבי ,43,רמלה ,40,שדות דן
602,נירים ,62,באר שבע ,38,אשכול
1236,נירית ,42,פתח תקווה ,20,דרום השרון
351,ניצן ,61,אשקלון ,36,חוף אשקלון
1419,ניצן ב' ,61,אשקלון ,36,חוף אשקלון
1195,ניצנה (קהילת חינוך) ,62,באר שבע ,48,רמת נגב
851,ניצני עוז ,41,השרון ,18,לב השרון
1280,ניצני סיני ,62,באר שבע ,48,רמת נגב
359,ניצנים ,61,אשקלון ,36,חוף אשקלון
15,נועם ,61,אשקלון ,34,שפיר
1333,נוף איילון ,43,רמלה ,30,גזר
1061,נוף הגליל ,25,נצרת ,0,
257,נופך ,42,פתח תקווה ,25,חבל מודיעין
3790,נופים ,73,טול כרם ,72,שומרון
1284,נופית ,31,חיפה ,12,זבולון
55,נוגה ,61,אשקלון ,50,לכיש
3726,נוקדים ,76,בית לחם ,76,גוש עציון
447,נורדיה ,41,השרון ,18,לב השרון
4304,נוב ,29,גולן ,71,גולן
833,נורית ,23,עפולה ,8,הגלבוע
4010,אודם ,29,גולן ,71,גולן
31,אופקים ,62,באר שבע ,0,
810,עופר ,32,חדרה ,15,חוף הכרמל
3617,עופרה ,74,ראמאללה ,73,מטה בנימין
1046,אוהד ,62,באר שבע ,38,אשכול
737,עולש ,41,השרון ,16,עמק חפר
1108,אומן ,23,עפולה ,8,הגלבוע
666,עומר ,62,באר שבע ,0,
680,אומץ ,41,השרון ,16,עמק חפר
1020,אור עקיבא ,32,חדרה ,0,
1294,אור הגנוז ,21,צפת ,2,מרום הגליל
67,אור הנר ,61,אשקלון ,37,שער הנגב
2400,אור יהודה ,52,רמת גן ,0,
780,אורה ,11,ירושלים ,26,מטה יהודה
882,אורנים ,31,חיפה ,12,זבולון
3760,אורנית ,73,טול כרם ,0,
2012,אורות ,61,אשקלון ,33,באר טוביה
4013,אורטל ,29,גולן ,71,גולן
3748,עתניאל ,77,חברון ,78,הר חברון
32,עוצם ,61,אשקלון ,50,לכיש
2059,"פעמי תש""ז ",62,באר שבע ,42,מרחבים
597,פלמחים ,44,רחובות ,27,גן רווה
1151,פארן ,62,באר שבע ,54,הערבה התיכונה
7800,פרדס חנה-כרכור ,32,חדרה ,0,
171,פרדסיה ,41,השרון ,0,
599,פרוד ,21,צפת ,2,מרום הגליל
749,פטיש ,62,באר שבע ,42,מרחבים
838,פדיה ,43,רמלה ,30,גזר
3768,פדואל ,73,טול כרם ,72,שומרון
750,פדויים ,62,באר שבע ,42,מרחבים
1185,פלך ,24,עכו ,56,משגב
3723,פני חבר ,77,חברון ,78,הר חברון
536,פקיעין (בוקייעה) ,24,עכו ,0,
281,פקיעין חדשה ,24,עכו ,52,מעלה יוסף
2053,פרזון ,23,עפולה ,8,הגלבוע
1231,פרי גן ,62,באר שבע ,38,אשכול
3659,פסגות ,74,ראמאללה ,73,מטה בנימין
7900,פתח תקווה ,42,פתח תקווה ,0,
839,פתחיה ,43,רמלה ,30,גזר
3615,פצאל ,75,ירדן )יריחו( ,75,ערבות הירדן
767,פורת ,41,השרון ,18,לב השרון
1313,פוריה עילית ,22,כנרת ,6,עמק הירדן
1104,פוריה - כפר עבודה ,22,כנרת ,6,עמק הירדן
1105,פוריה - נווה עובד ,22,כנרת ,6,עמק הירדן
1234,קבועה (שבט) ,62,באר שבע ,0,
1211,קדרים ,22,כנרת ,1,הגליל העליון
195,קדימה-צורן ,41,השרון ,0,
638,קלנסווה ,41,השרון ,0,
3601,קליה ,75,ירדן )יריחו( ,74,מגילות ים המלח
3640,קרני שומרון ,73,טול כרם ,0,
972,קוואעין (שבט) ,62,באר שבע ,0,
1243,קציר ,32,חדרה ,14,מנשה
4100,קצרין ,29,גולן ,0,
3781,קדר ,76,בית לחם ,76,גוש עציון
392,קדמה ,61,אשקלון ,35,יואב
3557,קדומים ,73,טול כרם ,0,
4024,קלע ,29,גולן ,71,גולן
414,קלחים ,62,באר שבע ,42,מרחבים
1167,קיסריה ,32,חדרה ,15,חוף הכרמל
4006,קשת ,29,גולן ,71,גולן
1052,קטורה ,62,באר שבע ,53,חבל אילות
334,קבוצת יבנה ,44,רחובות ,29,חבל יבנה
4025,קדמת צבי ,29,גולן ,71,גולן
615,קדרון ,44,רחובות ,28,ברנר
78,קרית ענבים ,11,ירושלים ,26,מטה יהודה
3611,קרית ארבע ,77,חברון ,0,
6800,קרית אתא ,31,חיפה ,0,
9500,קרית ביאליק ,31,חיפה ,0,
469,קרית עקרון ,44,רחובות ,0,
2630,קרית גת ,61,אשקלון ,0,
1034,קרית מלאכי ,61,אשקלון ,0,
8200,קרית מוצקין ,31,חיפה ,0,
3746,קרית נטפים ,73,טול כרם ,72,שומרון
2620,קרית אונו ,52,רמת גן ,0,
412,קרית שלמה ,41,השרון ,19,חוף השרון
2800,קרית שמונה ,21,צפת ,0,
2300,קרית טבעון ,31,חיפה ,0,
9600,קרית ים ,31,חיפה ,0,
1137,קרית יערים ,11,ירושלים ,0,
2039,קרית יערים(מוסד) ,11,ירושלים ,26,מטה יהודה
766,קוממיות ,61,אשקלון ,34,שפיר
1179,קורנית ,24,עכו ,56,משגב
964,קודייראת א-צאנע(שבט) ,62,באר שבע ,0,
8700,רעננה ,42,פתח תקווה ,0,
1161,רהט ,62,באר שבע ,0,
1069,רם-און ,23,עפולה ,8,הגלבוע
135,רמת דוד ,23,עפולה ,9,עמק יזרעאל
8600,רמת גן ,52,רמת גן ,0,
184,רמת הכובש ,42,פתח תקווה ,20,דרום השרון
2650,רמת השרון ,51,תל אביב ,0,
335,רמת השופט ,23,עפולה ,13,מגידו
4701,רמת מגשימים ,29,גולן ,71,גולן
127,רמת רחל ,11,ירושלים ,26,מטה יהודה
460,רמת רזיאל ,11,ירושלים ,26,מטה יהודה
122,רמת ישי ,23,עפולה ,0,
178,רמת יוחנן ,31,חיפה ,12,זבולון
339,רמת צבי ,23,עפולה ,8,הגלבוע
543,ראמה ,24,עכו ,0,
8500,רמלה ,43,רמלה ,0,
4702,רמות ,29,גולן ,71,גולן
206,רמות השבים ,42,פתח תקווה ,20,דרום השרון
735,רמות מאיר ,43,רמלה ,30,גזר
445,רמות מנשה ,23,עפולה ,13,מגידו
372,רמות נפתלי ,21,צפת ,55,מבואות החרמון
789,רנן ,62,באר שבע ,42,מרחבים
1228,רקפת ,24,עכו ,56,משגב
1334,ראס אל-עין ,24,עכו ,56,משגב
990,ראס עלי ,31,חיפה ,12,זבולון
1225,רביד ,22,כנרת ,6,עמק הירדן
713,רעים ,62,באר שבע ,38,אשכול
444,רגבים ,32,חדרה ,14,מנשה
390,רגבה ,24,עכו ,4,מטה אשר
3568,ריחן ,71,ג'נין ,72,שומרון
3822,רחלים ,72,שכם ,72,שומרון
854,רחוב ,23,עפולה ,7,עמק המעיינות
8400,רחובות ,44,רחובות ,0,
540,ריחאניה ,21,צפת ,2,מרום הגליל
542,ריינה ,25,נצרת ,0,
922,רכסים ,31,חיפה ,0,
437,רשפים ,23,עפולה ,7,עמק המעיינות
1260,רתמים ,62,באר שבע ,48,רמת נגב
564,רבדים ,61,אשקלון ,35,יואב
3795,רבבה ,72,שכם ,72,שומרון
354,רביבים ,62,באר שבע ,48,רמת נגב
2051,רווחה ,61,אשקלון ,34,שפיר
2016,רוויה ,23,עפולה ,7,עמק המעיינות
3565,רימונים ,74,ראמאללה ,73,מטה בנימין
616,רינתיה ,42,פתח תקווה ,25,חבל מודיעין
8300,ראשון לציון ,44,רחובות ,0,
247,רשפון ,41,השרון ,19,חוף השרון
3619,רועי ,75,ירדן )יריחו( ,75,ערבות הירדן
2640,ראש העין ,42,פתח תקווה ,0,
26,ראש פינה ,21,צפת ,0,
3602,ראש צורים ,76,בית לחם ,76,גוש עציון
3782,רותם ,75,ירדן )יריחו( ,75,ערבות הירדן
1341,רוח מדבר ,62,באר שבע ,48,רמת נגב
362,רוחמה ,61,אשקלון ,37,שער הנגב
997,רומת הייב ,25,נצרת ,65,אל-בטוף
539,רומאנה ,25,נצרת ,65,אל-בטוף
419,סעד ,62,באר שבע ,39,שדות נגב
454,סער ,24,עכו ,4,מטה אשר
1360,סעוה ,62,באר שבע ,69,אל קסום
525,סאג'ור ,24,עכו ,0,
7500,סח'נין ,24,עכו ,0,
3567,סלעית ,73,טול כרם ,72,שומרון
1245,סלמה ,24,עכו ,56,משגב
1156,סמר ,62,באר שבע ,53,חבל אילות
636,צנדלה ,23,עפולה ,8,הגלבוע
1176,ספיר ,62,באר שבע ,54,הערבה התיכונה
126,שריד ,23,עפולה ,9,עמק יזרעאל
578,סאסא ,21,צפת ,1,הגליל העליון
587,סביון ,42,פתח תקווה ,0,
989,סואעד (כמאנה) (שבט) ,24,עכו ,0,
942,סואעד (חמרייה) ,24,עכו ,9,עמק יזרעאל
1170,סייד (שבט) ,62,באר שבע ,0,
1223,שדי אברהם ,62,באר שבע ,38,אשכול
885,שדה בוקר ,62,באר שבע ,48,רמת נגב
36,שדה דוד ,61,אשקלון ,50,לכיש
861,שדה אליעזר ,21,צפת ,55,מבואות החרמון
304,שדה אליהו ,23,עפולה ,7,עמק המעיינות
2015,שדי חמד ,42,פתח תקווה ,20,דרום השרון
721,שדה אילן ,22,כנרת ,3,הגליל התחתון
18,שדה משה ,61,אשקלון ,50,לכיש
259,שדה נחום ,23,עפולה ,7,עמק המעיינות
329,שדה נחמיה ,21,צפת ,1,הגליל העליון
1058,שדה ניצן ,62,באר שבע ,38,אשכול
2057,שדי תרומות ,23,עפולה ,7,עמק המעיינות
739,שדה עוזיהו ,61,אשקלון ,33,באר טוביה
284,שדה ורבורג ,42,פתח תקווה ,20,דרום השרון
142,שדה יעקב ,23,עפולה ,9,עמק יזרעאל
2008,שדה יצחק ,32,חדרה ,14,מנשה
293,שדה יואב ,61,אשקלון ,35,יואב
2049,שדה צבי ,62,באר שבע ,42,מרחבים
1031,שדרות ,61,אשקלון ,0,
27,שדות מיכה ,11,ירושלים ,26,מטה יהודה
327,שדות ים ,32,חדרה ,15,חוף הכרמל
1286,שגב-שלום ,62,באר שבע ,0,
2046,סגולה ,61,אשקלון ,35,יואב
1132,שניר ,21,צפת ,1,הגליל העליון
538,שעב ,24,עכו ,0,
4009,שעל ,29,גולן ,71,גולן
856,שעלבים ,43,רמלה ,30,גזר
661,שער אפרים ,41,השרון ,18,לב השרון
237,שער העמקים ,31,חיפה ,12,זבולון
264,שער הגולן ,22,כנרת ,6,עמק הירדן
921,שער מנשה ,32,חדרה ,14,מנשה
3720,שערי תקווה ,73,טול כרם ,72,שומרון
306,שדמות דבורה ,22,כנרת ,3,הגליל התחתון
3578,שדמות מחולה ,75,ירדן )יריחו( ,75,ערבות הירדן
692,שפיר ,61,אשקלון ,34,שפיר
7,שחר ,61,אשקלון ,50,לכיש
1266,שחרות ,62,באר שבע ,53,חבל אילות
1373,שלווה במדבר ,62,באר שבע ,48,רמת נגב
873,שלווה ,61,אשקלון ,34,שפיר
432,שמרת ,24,עכו ,4,מטה אשר
366,שמיר ,21,צפת ,1,הגליל העליון
1287,שני ,62,באר שבע ,78,הר חברון
3649,שקד ,71,ג'נין ,72,שומרון
292,שרונה ,22,כנרת ,3,הגליל התחתון
398,שרשרת ,62,באר שבע ,39,שדות נגב
1377,שבי דרום ,62,באר שבע ,42,מרחבים
3571,שבי שומרון ,72,שכם ,72,שומרון
282,שבי ציון ,24,עכו ,4,מטה אשר
324,שאר ישוב ,21,צפת ,55,מבואות החרמון
555,שדמה ,44,רחובות ,32,גדרות
8800,שפרעם ,24,עכו ,0,
232,שפיים ,41,השרון ,19,חוף השרון
846,שפר ,21,צפת ,2,מרום הגליל
658,שייח' דנון ,24,עכו ,4,מטה אשר
1160,שכניה ,24,עכו ,56,משגב
812,שלומי ,24,עכו ,0,
439,שלוחות ,23,עפולה ,7,עמק המעיינות
1233,שקף ,61,אשקלון ,50,לכיש
1045,שתולה ,24,עכו ,52,מעלה יוסף
763,שתולים ,61,אשקלון ,33,באר טוביה
1378,שיזף ,62,באר שבע ,48,רמת נגב
527,שזור ,24,עכו ,2,מרום הגליל
865,שיבולים ,62,באר שבע ,39,שדות נגב
913,שבלי - אום אל-גנם ,23,עפולה ,0,
1165,שילת ,43,רמלה ,25,חבל מודיעין
3641,שילה ,74,ראמאללה ,73,מטה בנימין
3784,שמעה ,77,חברון ,78,הר חברון
1337,שמשית ,23,עפולה ,9,עמק יזרעאל
1197,נאות סמדר ,62,באר שבע ,53,חבל אילות
1364,שלומית ,62,באר שבע ,38,אשכול
741,שואבה ,11,ירושלים ,26,מטה יהודה
1304,שוהם ,43,רמלה ,0,
614,שומרה ,24,עכו ,52,מעלה יוסף
1265,שומריה ,62,באר שבע ,41,בני שמעון
415,שוקדה ,62,באר שבע ,39,שדות נגב
1235,שורשים ,24,עכו ,56,משגב
456,שורש ,11,ירושלים ,26,מטה יהודה
224,שושנת העמקים ,41,השרון ,16,עמק חפר
1102,צוקי ים ,41,השרון ,16,עמק חפר
394,שובל ,62,באר שבע ,41,בני שמעון
761,שובה ,62,באר שבע ,39,שדות נגב
610,סתריה ,43,רמלה ,30,גזר
1238,סופה ,62,באר שבע ,38,אשכול
526,סולם ,23,עפולה ,66,בוסתאן אל-מרג'
3756,סוסיה ,77,חברון ,78,הר חברון
752,תעוז ,11,ירושלים ,26,מטה יהודה
462,טל שחר ,11,ירושלים ,26,מטה יהודה
1181,טל-אל ,24,עכו ,56,משגב
2050,"תלמי ביל""ו ",62,באר שבע ,42,מרחבים
2003,תלמי אלעזר ,32,חדרה ,14,מנשה
1051,תלמי אליהו ,62,באר שבע ,38,אשכול
744,תלמי יפה ,61,אשקלון ,36,חוף אשקלון
727,תלמי יחיאל ,61,אשקלון ,33,באר טוביה
1237,תלמי יוסף ,62,באר שבע ,38,אשכול
3788,טלמון ,74,ראמאללה ,73,מטה בנימין
8900,טמרה ,24,עכו ,0,
547,טמרה (יזרעאל) ,23,עפולה ,8,הגלבוע
970,תראבין א-צאנע (שבט) ,62,באר שבע ,0,
1346,תראבין א-צאנע(ישוב) ,62,באר שבע ,69,אל קסום
778,תרום ,11,ירושלים ,26,מטה יהודה
2730,טייבה ,41,השרון ,0,
497,טייבה (בעמק) ,23,עפולה ,8,הגלבוע
2062,תאשור ,62,באר שבע ,41,בני שמעון
1214,טפחות ,22,כנרת ,2,מרום הגליל
103,תל עדשים ,23,עפולה ,9,עמק יזרעאל
5000,תל אביב - יפו ,51,תל אביב ,0,
154,תל מונד ,41,השרון ,0,
719,תל קציר ,22,כנרת ,6,עמק הירדן
1054,תל שבע ,62,באר שבע ,0,
1283,תל תאומים ,23,עפולה ,7,עמק המעיינות
287,תל יצחק ,41,השרון ,19,חוף השרון
84,תל יוסף ,23,עפולה ,8,הגלבוע
1177,טללים ,62,באר שבע ,48,רמת נגב
814,תלמים ,61,אשקלון ,50,לכיש
3719,תלם ,77,חברון ,78,הר חברון
3743,טנא ,77,חברון ,78,הר חברון
2002,תנובות ,41,השרון ,18,לב השרון
3563,תקוע ,76,בית לחם ,76,גוש עציון
665,תקומה ,62,באר שבע ,39,שדות נגב
6700,טבריה ,22,כנרת ,0,
2061,תדהר ,62,באר שבע ,41,בני שמעון
709,תפרח ,62,באר שבע ,42,מרחבים
163,תימורים ,61,אשקלון ,33,באר טוביה
1244,תמרת ,23,עפולה ,9,עמק יזרעאל
2100,טירת כרמל ,31,חיפה ,0,
663,טירת יהודה ,42,פתח תקווה ,25,חבל מודיעין
268,טירת צבי ,23,עפולה ,7,עמק המעיינות
2720,טירה ,41,השרון ,0,
10,תירוש ,11,ירושלים ,26,מטה יהודה
3558,תומר ,75,ירדן )יריחו( ,75,ערבות הירדן
4029,רמת טראמפ ,29,גולן ,71,גולן
962,טובא-זנגריה ,21,צפת ,0,
498,טורעאן ,25,נצרת ,0,
1083,תושיה ,62,באר שבע ,39,שדות נגב
1172,תובל ,24,עכו ,56,משגב
446,אודים ,41,השרון ,19,חוף השרון
2710,אום אל-פחם ,32,חדרה ,0,
2024,אום אל-קוטוף ,32,חדרה ,14,מנשה
1358,אום בטין ,62,באר שבע ,69,אל קסום
957,עוקבי (בנו עוקבה) ,62,באר שבע ,0,
403,אורים ,62,באר שבע ,38,אשכול
278,אושה ,31,חיפה ,12,זבולון
826,עוזה ,61,אשקלון ,34,שפיר
528,עוזייר ,25,נצרת ,65,אל-בטוף
1133,ורדון ,61,אשקלון ,35,יואב
3639,ורד יריחו ,75,ירדן )יריחו( ,74,מגילות ים המלח
1138,יעד ,24,עכו ,56,משגב
795,יערה ,24,עכו ,52,מעלה יוסף
1117,יעל ,23,עפולה ,8,הגלבוע
577,יד בנימין ,44,רחובות ,31,נחל שורק
758,יד חנה ,41,השרון ,16,עמק חפר
1134,יד השמונה ,11,ירושלים ,26,מטה יהודה
358,יד מרדכי ,61,אשקלון ,36,חוף אשקלון
775,יד נתן ,61,אשקלון ,50,לכיש
64,"יד רמב""ם ",43,רמלה ,30,גזר
499,יפיע ,25,נצרת ,0,
3566,יפית ,75,ירדן )יריחו( ,75,ערבות הירדן
798,יגל ,43,רמלה ,40,שדות דן
96,יגור ,31,חיפה ,12,זבולון
1158,יהל ,62,באר שבע ,53,חבל אילות
811,יכיני ,61,אשקלון ,37,שער הנגב
1295,יאנוח-ג'ת ,24,עכו ,0,
753,ינוב ,41,השרון ,18,לב השרון
3647,יקיר ,73,טול כרם ,72,שומרון
417,יקום ,41,השרון ,19,חוף השרון
2026,ירדנה ,23,עפולה ,7,עמק המעיינות
718,ירחיב ,42,פתח תקווה ,20,דרום השרון
183,ירקונה ,42,פתח תקווה ,20,דרום השרון
575,יסעור ,24,עכו ,4,מטה אשר
828,ישרש ,43,רמלה ,30,גזר
1227,יתד ,62,באר שבע ,38,אשכול
2660,יבנה ,44,רחובות ,0,
46,יבנאל ,22,כנרת ,0,
759,יציץ ,43,רמלה ,30,גזר
1044,יעף ,41,השרון ,18,לב השרון
1144,ידידה ,11,ירושלים ,26,מטה יהודה
233,כפר ידידיה ,41,השרון ,16,עמק חפר
409,יחיעם ,24,עכו ,4,מטה אשר
9400,יהוד-מונוסון ,42,פתח תקווה ,0,
831,ירוחם ,62,באר שבע ,0,
916,ישע ,62,באר שבע ,38,אשכול
440,יסודות ,44,רחובות ,31,נחל שורק
29,יסוד המעלה ,21,צפת ,0,
1232,יבול ,62,באר שבע ,38,אשכול
134,יפעת ,23,עפולה ,9,עמק יזרעאל
453,יפתח ,21,צפת ,1,הגליל העליון
2011,ינון ,61,אשקלון ,33,באר טוביה
623,יראון ,21,צפת ,1,הגליל העליון
502,ירכא ,24,עכו ,0,
805,ישעי ,11,ירושלים ,26,מטה יהודה
3607,"ייט""ב ",75,ירדן )יריחו( ,75,ערבות הירדן
3749,יצהר ,72,שכם ,72,שומרון
452,יזרעאל ,23,עפולה ,8,הגלבוע
1112,יודפת ,24,עכו ,56,משגב
4007,יונתן ,29,גולן ,71,גולן
240,יקנעם עילית ,23,עפולה ,0,
241,יקנעם (מושבה) ,23,עפולה ,13,מגידו
803,יושיביה ,62,באר שבע ,39,שדות נגב
866,יטבתה ,62,באר שבע ,53,חבל אילות
2009,יובל ,21,צפת ,55,מבואות החרמון
1226,יובלים ,24,עכו ,56,משגב
2742,זבארגה (שבט) ,62,באר שבע ,0,
1079,צפרירים ,11,ירושלים ,26,מטה יהודה
594,צפריה ,43,רמלה ,40,שדות דן
816,זנוח ,11,ירושלים ,26,מטה יהודה
975,זרזיר ,23,עפולה ,0,
815,זבדיאל ,61,אשקלון ,34,שפיר
413,צאלים ,62,באר שבע ,38,אשכול
8000,צפת ,21,צפת ,0,
799,זכריה ,11,ירושלים ,26,מטה יהודה
796,צלפון ,11,ירושלים ,26,מטה יהודה
1290,זמר ,41,השרון ,0,
818,זרחיה ,61,אשקלון ,34,שפיר
2064,זרועה ,62,באר שבע ,39,שדות נגב
612,צרופה ,32,חדרה ,15,חוף הכרמל
788,זיתן ,43,רמלה ,40,שדות דן
9300,זכרון יעקב ,32,חדרה ,0,
1065,זמרת ,62,באר שבע ,39,שדות נגב
613,ציפורי ,23,עפולה ,9,עמק יזרעאל
584,זיקים ,61,אשקלון ,36,חוף אשקלון
1213,צבעון ,21,צפת ,1,הגליל העליון
1150,צופר ,62,באר שבע ,54,הערבה התיכונה
198,צופית ,42,פתח תקווה ,20,דרום השרון
1111,צופיה ,44,רחובות ,29,חבל יבנה
1136,צוחר ,62,באר שבע ,38,אשכול
44,זוהר ,61,אשקלון ,50,לכיש
567,צרעה ,11,ירושלים ,26,מטה יהודה
465,צובה ,11,ירושלים ,26,מטה יהודה
3791,צופים ,73,טול כרם ,72,שומרון
1113,צור הדסה ,11,ירושלים ,26,מטה יהודה
276,צור משה ,41,השרון ,18,לב השרון
1148,צור נתן ,42,פתח תקווה ,20,דרום השרון
1345,צור יצחק ,42,פתח תקווה ,20,דרום השרון
774,צוריאל ,24,עכו ,52,מעלה יוסף
1221,צורית ,24,עכו ,56,משגב
1180,צביה ,24,עכו ,56,משגב
